{
  "version": 1,
  "author": "Anonymous maker",
  "editor": "wokwi",
  "parts": [
    { "type": "wokwi-arduino-uno", "id": "uno", "top": -9, "left": 85.8, "attrs": {} },
    {
      "type": "wokwi-resistor",
      "id": "r1",
      "top": 24,
      "left": 18.65,
      "rotate": 90,
      "attrs": { "value": "220" }
    },
    { "type": "wokwi-led", "id": "led1", "top": -70.8, "left": 32.6, "attrs": { "color": "red" } },
    {
      "type": "wokwi-photoresistor-sensor",
      "id": "ldr1",
      "top": 86.1,
      "left": -82.3,
      "rotate": 90,
      "attrs": {}
    }
  ],
  "connections": [
    [ "ldr1:VCC", "uno:5V", "red", [ "v19.2", "h230.4" ] ],
    [ "ldr1:GND", "uno:GND.2", "black", [ "v38.4", "h250" ] ],
    [ "led1:A", "uno:9", "green", [ "v9.6", "h192" ] ],
    [ "led1:C", "r1:1", "green", [ "v0" ] ],
    [ "r1:2", "uno:GND.2", "green", [ "h9.6", "v181.2", "h192" ] ],
    [ "ldr1:AO", "uno:A0", "green", [ "v48", "h307.9" ] ]
  ],
  "dependencies": {}
}